[
  {
    "value": "1",
    "synonyms": [
      "January",
      "1"
    ]
  },
  {
    "value": "2",
    "synonyms": [
      "February",
      "2"
    ]
  },
  {
    "value": "3",
    "synonyms": [
      "March",
      "3"
    ]
  },
  {
    "value": "4",
    "synonyms": [
      "April",
      "4"
    ]
  },
  {
    "value": "5",
    "synonyms": [
      "May",
      "5"
    ]
  },
  {
    "value": "6",
    "synonyms": [
      "June",
      "6"
    ]
  },
  {
    "value": "7",
    "synonyms": [
      "July",
      "7"
    ]
  },
  {
    "value": "8",
    "synonyms": [
      "August",
      "8"
    ]
  },
  {
    "value": "9",
    "synonyms": [
      "September",
      "9"
    ]
  },
  {
    "value": "10",
    "synonyms": [
      "October",
      "10"
    ]
  },
  {
    "value": "11",
    "synonyms": [
      "November",
      "11"
    ]
  },
  {
    "value": "12",
    "synonyms": [
      "December",
      "12"
    ]
  }
]