[
  {
    "id": "61c40433-01b1-40cf-aa8c-0bf736bad360",
    "data": [
      {
        "text": "bye",
        "userDefined": false
      }
    ],
    "isTemplate": false,
    "count": 0,
    "lang": "en",
    "updated": 0
  },
  {
    "id": "b45f9be2-e298-4cbc-a8f4-dd622acb2c35",
    "data": [
      {
        "text": "goodbye",
        "userDefined": false
      }
    ],
    "isTemplate": false,
    "count": 0,
    "lang": "en",
    "updated": 0
  },
  {
    "id": "6d6e4b6c-e0e9-4a70-9289-ebf0f7f10cda",
    "data": [
      {
        "text": "[__[EXIT]__]",
        "userDefined": false
      }
    ],
    "isTemplate": false,
    "count": 0,
    "lang": "en",
    "updated": 0
  }
]