[
  {
    "id": "180e2fe9-74f2-471a-ab06-c710c4344804",
    "data": [
      {
        "text": "I was just looking at your website and found you",
        "userDefined": false
      }
    ],
    "isTemplate": false,
    "count": 0,
    "lang": "en",
    "updated": 0
  },
  {
    "id": "014a99e4-a20e-4b52-9b62-863c3dd5ea91",
    "data": [
      {
        "text": "I don\u0027t need support",
        "userDefined": false
      }
    ],
    "isTemplate": false,
    "count": 0,
    "lang": "en",
    "updated": 0
  },
  {
    "id": "ae6df72f-72d0-42ca-bcc7-58460006b4c3",
    "data": [
      {
        "text": "I don\u0027t have any issues",
        "userDefined": false
      }
    ],
    "isTemplate": false,
    "count": 0,
    "lang": "en",
    "updated": 0
  },
  {
    "id": "8822ffef-2edd-488b-872c-0ab101c9a8c7",
    "data": [
      {
        "text": "No, I don\u0027t want a refund",
        "userDefined": false
      }
    ],
    "isTemplate": false,
    "count": 1,
    "lang": "en",
    "updated": 0
  }
]