[
  {
    "id": "3c42851a-d8eb-4077-9e47-5160f25543a5",
    "data": [
      {
        "text": "  I would like to check my issues.",
        "userDefined": false
      }
    ],
    "isTemplate": false,
    "count": 0,
    "lang": "en",
    "updated": 0
  },
  {
    "id": "58aea30d-7b4a-4334-ae69-a2f34dcf4eef",
    "data": [
      {
        "text": "check issue status",
        "userDefined": false
      }
    ],
    "isTemplate": false,
    "count": 0,
    "lang": "en",
    "updated": 0
  },
  {
    "id": "8d557098-e101-4795-b0ed-0df6e91e4db4",
    "data": [
      {
        "text": "issue status",
        "userDefined": false
      }
    ],
    "isTemplate": false,
    "count": 0,
    "lang": "en",
    "updated": 0
  },
  {
    "id": "2e06eb07-d934-4436-9727-71da6fe54082",
    "data": [
      {
        "text": "i would like to know my issue status",
        "userDefined": false
      }
    ],
    "isTemplate": false,
    "count": 0,
    "lang": "en",
    "updated": 0
  }
]