[
  {
    "id": "775a586e-44cf-497b-ad3c-4c15d956ad44",
    "data": [
      {
        "text": "I would like to report an ",
        "userDefined": false
      },
      {
        "text": "issue",
        "meta": "@sys.ignore",
        "userDefined": true
      }
    ],
    "isTemplate": false,
    "count": 0,
    "lang": "en",
    "updated": 0
  },
  {
    "id": "ea7dbcd8-912f-4fc1-9c7a-23e342bce4d9",
    "data": [
      {
        "text": "you make lots ",
        "userDefined": false
      },
      {
        "text": "of",
        "meta": "@sys.ignore",
        "userDefined": false
      },
      {
        "text": " ",
        "userDefined": false
      },
      {
        "text": "mistakes",
        "meta": "@sys.ignore",
        "userDefined": true
      }
    ],
    "isTemplate": false,
    "count": 0,
    "lang": "en",
    "updated": 0
  },
  {
    "id": "77979abc-a4e3-402e-9f48-d40c962fa671",
    "data": [
      {
        "text": "I need to report a bug that I\u0027ve found",
        "userDefined": false
      }
    ],
    "isTemplate": false,
    "count": 0,
    "lang": "en",
    "updated": 0
  },
  {
    "id": "1f78874a-66ee-44eb-a22a-ce8132d595d4",
    "data": [
      {
        "text": "send ",
        "userDefined": false
      },
      {
        "text": "problem",
        "meta": "@sys.ignore",
        "userDefined": true
      }
    ],
    "isTemplate": false,
    "count": 0,
    "lang": "en",
    "updated": 0
  },
  {
    "id": "9269a521-b1c5-4ea6-932e-3e676886273a",
    "data": [
      {
        "text": "send ",
        "userDefined": false
      },
      {
        "text": "report",
        "meta": "@sys.ignore",
        "userDefined": true
      },
      {
        "text": " about ",
        "userDefined": false
      },
      {
        "text": "your",
        "meta": "@sys.ignore",
        "userDefined": false
      },
      {
        "text": " problems",
        "userDefined": false
      }
    ],
    "isTemplate": false,
    "count": 0,
    "lang": "en",
    "updated": 0
  },
  {
    "id": "356077ff-5256-4a0b-8bbb-2e530e4b39ad",
    "data": [
      {
        "text": "I need to report ",
        "userDefined": false
      },
      {
        "text": "bug",
        "meta": "@sys.ignore",
        "userDefined": true
      }
    ],
    "isTemplate": false,
    "count": 0,
    "lang": "en",
    "updated": 0
  },
  {
    "id": "0536231f-68ef-4eed-a6c2-2435e0021ba3",
    "data": [
      {
        "text": "you have bugs ",
        "userDefined": false
      },
      {
        "text": "everywhere",
        "meta": "@sys.ignore",
        "userDefined": false
      }
    ],
    "isTemplate": false,
    "count": 0,
    "lang": "en",
    "updated": 0
  },
  {
    "id": "0c5c1e20-b18c-4c50-8c85-da76c6cc3242",
    "data": [
      {
        "text": "send error to ",
        "userDefined": false
      },
      {
        "text": "your",
        "meta": "@sys.ignore",
        "userDefined": false
      },
      {
        "text": " developers",
        "userDefined": false
      }
    ],
    "isTemplate": false,
    "count": 0,
    "lang": "en",
    "updated": 0
  },
  {
    "id": "fb90e87f-e9ab-4ddf-94db-ebbcd4f1b995",
    "data": [
      {
        "text": "I want to report bug",
        "userDefined": false
      }
    ],
    "isTemplate": false,
    "count": 0,
    "lang": "en",
    "updated": 0
  }
]